time,lat,lon,alt,stage
2026-04-14 14:08:00+00:00,33.196,132.5418,102.0,ascent
2026-04-14 14:09:00+00:00,33.19652713902708,132.53962453307906,402.0,ascent
2026-04-14 14:10:00+00:00,33.19782841721473,132.53592954049432,702.0,ascent
2026-04-14 14:11:00+00:00,33.200152608899344,132.53059560031966,1002.0,ascent
2026-04-14 14:12:00+00:00,33.203237945268036,132.5246195845648,1302.0,ascent
2026-04-14 14:13:00+00:00,33.20658496524446,132.5190466410963,1602.0,ascent
2026-04-14 14:14:00+00:00,33.20952845059923,132.51475592123163,1902.0,ascent
2026-04-14 14:15:00+00:00,33.21211882643639,132.51205914366182,2202.0,ascent
2026-04-14 14:16:00+00:00,33.21483061057651,132.51084356212408,2502.0,ascent
2026-04-14 14:17:00+00:00,33.218077413228535,132.5110198285996,2802.0,ascent
2026-04-14 14:18:00+00:00,33.22194324001435,132.51284410022782,3102.0,ascent
2026-04-14 14:19:00+00:00,33.22600183419844,132.51698109216267,3402.0,ascent
2026-04-14 14:20:00+00:00,33.22952119410306,132.52406115415945,3702.0,ascent
2026-04-14 14:21:00+00:00,33.231861272768995,132.53348152001863,4002.0,ascent
2026-04-14 14:22:00+00:00,33.23290519613085,132.54382755995252,4302.0,ascent
2026-04-14 14:23:00+00:00,33.23312630405269,132.5543288767997,4602.0,ascent
2026-04-14 14:24:00+00:00,33.233054420051744,132.56505959369514,4902.0,ascent
2026-04-14 14:25:00+00:00,33.23278803953143,132.57611927018746,5202.0,ascent
2026-04-14 14:26:00+00:00,33.232073265909676,132.58716509479834,5502.0,ascent
2026-04-14 14:27:00+00:00,33.231085115975496,132.59803914679782,5802.0,ascent
2026-04-14 14:28:00+00:00,33.22985413593166,132.60911866453432,6102.0,ascent
2026-04-14 14:29:00+00:00,33.22839750700545,132.620548450124,6402.0,ascent
2026-04-14 14:30:00+00:00,33.22680287396595,132.63227047786864,6702.0,ascent
2026-04-14 14:31:00+00:00,33.22548739926147,132.64414622868279,7002.0,ascent
2026-04-14 14:32:00+00:00,33.22432644764017,132.65640340524615,7302.0,ascent
2026-04-14 14:33:00+00:00,33.2231347452799,132.66922640710916,7602.0,ascent
2026-04-14 14:34:00+00:00,33.22166686402377,132.68270021075293,7902.0,ascent
2026-04-14 14:35:00+00:00,33.22001785792465,132.696909415126,8202.0,ascent
2026-04-14 14:36:00+00:00,33.218304499356634,132.71192568166492,8502.0,ascent
2026-04-14 14:37:00+00:00,33.21670665539514,132.72781173532306,8802.0,ascent
2026-04-14 14:38:00+00:00,33.21521831629088,132.7446004218421,9102.0,ascent
2026-04-14 14:39:00+00:00,33.2136430525185,132.76232248374868,9402.0,ascent
2026-04-14 14:40:00+00:00,33.211879455885054,132.78143735261423,9702.0,ascent
2026-04-14 14:41:00+00:00,33.2097504700179,132.80289772643152,10002.0,ascent
2026-04-14 14:42:00+00:00,33.207673355440505,132.82761577187125,10302.0,ascent
2026-04-14 14:43:00+00:00,33.206383661441585,132.8572574736811,10602.0,ascent
2026-04-14 14:44:00+00:00,33.20601976367662,132.89135507955058,10902.0,ascent
2026-04-14 14:45:00+00:00,33.20711862841211,132.92786295680898,11202.0,ascent
2026-04-14 14:46:00+00:00,33.20969047089631,132.9665321527284,11502.0,ascent
2026-04-14 14:47:00+00:00,33.21295654883444,133.00553106921845,11802.0,ascent
2026-04-14 14:48:00+00:00,33.216647079118246,133.04415639378198,12102.0,ascent
2026-04-14 14:49:00+00:00,33.22044083230756,133.0822255480628,12402.0,ascent
2026-04-14 14:50:00+00:00,33.22331005738943,133.11919108619824,12702.0,ascent
2026-04-14 14:51:00+00:00,33.225170414738095,133.15502014485054,13002.0,ascent
2026-04-14 14:52:00+00:00,33.22636277745458,133.18958718844286,13302.0,ascent
2026-04-14 14:53:00+00:00,33.227580691340016,133.2226145335858,13602.0,ascent
2026-04-14 14:54:00+00:00,33.22886743323529,133.25406772421488,13902.0,ascent
2026-04-14 14:55:00+00:00,33.230257073442985,133.28402427971082,14202.0,ascent
2026-04-14 14:56:00+00:00,33.231997651276316,133.31328999152782,14502.0,ascent
2026-04-14 14:57:00+00:00,33.234110775804155,133.3419596650122,14802.0,ascent
2026-04-14 14:58:00+00:00,33.236593894724066,133.37005058123287,15102.0,ascent
2026-04-14 14:59:00+00:00,33.23923862568025,133.39755149777537,15402.0,ascent
2026-04-14 15:00:00+00:00,33.24163040795718,133.42440395151868,15702.0,ascent
2026-04-14 15:01:00+00:00,33.24374661610523,133.4505884174788,16002.0,ascent
2026-04-14 15:02:00+00:00,33.24558783938643,133.47607950589475,16302.0,ascent
2026-04-14 15:03:00+00:00,33.24716038116912,133.5007854563695,16602.0,ascent
2026-04-14 15:04:00+00:00,33.24851586907129,133.52392031505696,16902.0,ascent
2026-04-14 15:05:00+00:00,33.24967250406942,133.5453039049483,17202.0,ascent
2026-04-14 15:06:00+00:00,33.250627344655776,133.56492894853542,17502.0,ascent
2026-04-14 15:07:00+00:00,33.25137851128809,133.58278950573091,17802.0,ascent
2026-04-14 15:08:00+00:00,33.25192516060347,133.5988809694131,18102.0,ascent
2026-04-14 15:09:00+00:00,33.25226745857779,133.6132000560068,18402.0,ascent
2026-04-14 15:10:00+00:00,33.25243228215265,133.62580765440902,18702.0,ascent
2026-04-14 15:11:00+00:00,33.25274542455374,133.6374984807614,19002.0,ascent
2026-04-14 15:12:00+00:00,33.253298856431165,133.64850629137626,19302.0,ascent
2026-04-14 15:13:00+00:00,33.2540911450124,133.65883680758435,19602.0,ascent
2026-04-14 15:14:00+00:00,33.255121101464866,133.66849522471122,19902.0,ascent
2026-04-14 15:15:00+00:00,33.25638776991806,133.67748624461444,20202.0,ascent
2026-04-14 15:16:00+00:00,33.25789041763884,133.68581410457085,20502.0,ascent
2026-04-14 15:17:00+00:00,33.25954234292342,133.69353623779222,20802.0,ascent
2026-04-14 15:18:00+00:00,33.26095430007155,133.70089603821273,21102.0,ascent
2026-04-14 15:19:00+00:00,33.26209135774515,133.70791374530828,21402.0,ascent
2026-04-14 15:20:00+00:00,33.26295233708616,133.71458863848122,21702.0,ascent
2026-04-14 15:21:00+00:00,33.263536259339055,133.7209200317206,22002.0,ascent
2026-04-14 15:22:00+00:00,33.26384234531235,133.72690727019543,22302.0,ascent
2026-04-14 15:23:00+00:00,33.26387001427297,133.73254972794285,22602.0,ascent
2026-04-14 15:24:00+00:00,33.26361888227468,133.73784680663837,22902.0,ascent
2026-04-14 15:25:00+00:00,33.263088759923306,133.74279793543167,23202.0,ascent
2026-04-14 15:26:00+00:00,33.26227964958291,133.74740257182896,23502.0,ascent
2026-04-14 15:27:00+00:00,33.26119274126054,133.7516586714251,23802.0,ascent
2026-04-14 15:28:00+00:00,33.259881739954494,133.75548429450564,24102.0,ascent
2026-04-14 15:29:00+00:00,33.25839081145671,133.7588133962134,24402.0,ascent
2026-04-14 15:30:00+00:00,33.2567193751785,133.76164861295933,24702.0,ascent
2026-04-14 15:31:00+00:00,33.2548667318616,133.7639925337228,25002.0,ascent
2026-04-14 15:32:00+00:00,33.252832066297245,133.76584769858138,25302.0,ascent
2026-04-14 15:33:00+00:00,33.25061445089225,133.76721659549665,25602.0,ascent
2026-04-14 15:34:00+00:00,33.248212850036225,133.76810165541164,25902.0,ascent
2026-04-14 15:35:00+00:00,33.2456261252272,133.768505245707,26202.0,ascent
2026-04-14 15:36:00+00:00,33.24287148656092,133.76846988781685,26502.0,ascent
2026-04-14 15:37:00+00:00,33.24009098066397,133.76830843962517,26802.0,ascent
2026-04-14 15:38:00+00:00,33.23729871132348,133.76805109406854,27102.0,ascent
2026-04-14 15:39:00+00:00,33.234495018663985,133.76769785625638,27402.0,ascent
2026-04-14 15:40:00+00:00,33.231680233824804,133.7672487590208,27702.0,ascent
2026-04-14 15:41:00+00:00,33.22885467846316,133.76670386228162,28002.0,ascent
2026-04-14 15:42:00+00:00,33.226018664306594,133.76606325236187,28302.0,ascent
2026-04-14 15:43:00+00:00,33.22317249275636,133.76532704125316,28602.0,ascent
2026-04-14 15:44:00+00:00,33.220316454542825,133.76449536583092,28902.0,ascent
2026-04-14 15:45:00+00:00,33.217450829434064,133.76356838701992,29202.0,ascent
2026-04-14 15:46:00+00:00,33.21457588599854,133.7625462889094,29502.0,ascent
2026-04-14 15:47:00+00:00,33.21169188142258,133.76142927781913,29802.0,ascent
2026-04-14 15:47:39.843750+00:00,33.20977086811528,133.76062463560987,30001.21875,ascent
2026-04-14 15:47:39.843750+00:00,33.20977086811528,133.76062463560987,30001.21875,descent
2026-04-14 15:48:39.843750+00:00,33.20690158874638,133.7598076330973,27718.509570607963,descent
2026-04-14 15:49:39.843750+00:00,33.2041318235221,133.75983217641436,25797.607285285194,descent
2026-04-14 15:50:39.843750+00:00,33.20219752726112,133.7620603958208,24153.44824886952,descent
2026-04-14 15:51:39.843750+00:00,33.201361318783604,133.76653070464127,22700.459974871497,descent
2026-04-14 15:52:39.843750+00:00,33.20174600190343,133.7726188182818,21396.3617404282,descent
2026-04-14 15:53:39.843750+00:00,33.20314634286563,133.78021367888132,20213.455759034998,descent
2026-04-14 15:54:39.843750+00:00,33.20421331005784,133.7899906581461,19131.11966894642,descent
2026-04-14 15:55:39.843750+00:00,33.204702646720435,133.80226382545072,18133.584594436026,descent
2026-04-14 15:56:39.843750+00:00,33.20539877072523,133.8196436675128,17208.522284416053,descent
2026-04-14 15:57:39.843750+00:00,33.206400111300844,133.84206214772206,16346.11166782081,descent
2026-04-14 15:58:39.843750+00:00,33.208142413012695,133.86766995871227,15538.401957515882,descent
2026-04-14 15:59:39.843750+00:00,33.210699941069265,133.89533738699362,14778.865971643683,descent
2026-04-14 16:00:39.843750+00:00,33.212890183884674,133.92448376664478,14062.079324855527,descent
2026-04-14 16:01:39.843750+00:00,33.214741375859866,133.95596241506206,13383.48518789769,descent
2026-04-14 16:02:39.843750+00:00,33.216470430962936,133.99061946576523,12739.218608963425,descent
2026-04-14 16:03:39.843750+00:00,33.21906121931064,134.02765749019218,12125.973168807468,descent
2026-04-14 16:04:39.843750+00:00,33.22168960083828,134.06618765662918,11540.89828887675,descent
2026-04-14 16:05:39.843750+00:00,33.223268014987745,134.10420160227716,10981.449453809262,descent
2026-04-14 16:06:39.843750+00:00,33.2228696497342,134.13833938642676,10443.044884083469,descent
2026-04-14 16:07:39.843750+00:00,33.220650939460796,134.16481083090886,9922.219119068133,descent
2026-04-14 16:08:39.843750+00:00,33.21808953768099,134.18582771764412,9417.619165571145,descent
2026-04-14 16:09:39.843750+00:00,33.21595339883815,134.20420704765655,8928.050899169159,descent
2026-04-14 16:10:39.843750+00:00,33.21417783029358,134.22101583493202,8452.45452026796,descent
2026-04-14 16:11:39.843750+00:00,33.21279879507491,134.23607809211072,7989.884638865415,descent
2026-04-14 16:12:39.843750+00:00,33.21202964436316,134.24968739015168,7539.493969455497,descent
2026-04-14 16:13:39.843750+00:00,33.21141808183505,134.2621491069982,7100.5198713164655,descent
2026-04-14 16:14:39.843750+00:00,33.21069611614151,134.2737550827605,6672.273153125578,descent
2026-04-14 16:15:39.843750+00:00,33.21002489370386,134.28473382907382,6254.1286955653695,descent
2026-04-14 16:16:39.843750+00:00,33.209534704097905,134.29524006920488,5845.517545597078,descent
2026-04-14 16:17:39.843750+00:00,33.20914658540792,134.3054055053852,5445.920211156649,descent
2026-04-14 16:18:39.843750+00:00,33.20852932621089,134.3153106173707,5054.8609419817285,descent
2026-04-14 16:19:39.843750+00:00,33.20745015074698,134.32511851356176,4671.902825900149,descent
2026-04-14 16:20:39.843750+00:00,33.20611590726375,134.33489290030957,4296.64356362431,descent
2026-04-14 16:21:39.843750+00:00,33.205074650677645,134.34400172300957,3928.7118113722345,descent
2026-04-14 16:22:39.843750+00:00,33.205004057593804,134.3516887386618,3567.7640012777274,descent
2026-04-14 16:23:39.843750+00:00,33.20574401458439,134.35717209910314,3213.481565887659,descent
2026-04-14 16:24:39.843750+00:00,33.20616377436983,134.35963637423202,2865.5685060623373,descent
2026-04-14 16:25:39.843750+00:00,33.206432091650925,134.36021813663208,2523.7492520372953,descent
2026-04-14 16:26:39.843750+00:00,33.20690890103773,134.35925618389757,2187.766775833001,descent
2026-04-14 16:27:39.843750+00:00,33.207692603622355,134.3567686772015,1857.3809200413996,descent
2026-04-14 16:28:39.843750+00:00,33.20890522696399,134.35347924461766,1532.3669136040157,descent
2026-04-14 16:29:39.843750+00:00,33.210475311110464,134.34987631427768,1212.5140497802565,descent
2026-04-14 16:30:39.843750+00:00,33.21209734725827,134.34617325776645,897.6245052851202,descent
2026-04-14 16:31:39.843750+00:00,33.21340032651498,134.34253748054834,587.5122827082396,descent
2026-04-14 16:32:39.843750+00:00,33.21424630092706,134.3391150830847,282.00226093386766,descent
2026-04-14 16:33:35.625000+00:00,33.214793007016496,134.33614283001737,2.098530182062536,descent
